rank,ticker,name,mentions,upvotes,rank_24h_ago,mentions_24h_ago,capture_date
1,AMC,AMC Entertainment,86,268,1,185,2023-07-23 16:58:54.996227
2,SPY,SPDR S&amp;P 500 ETF Trust,81,696,2,94,2023-07-23 16:58:54.996227
3,TSLA,Tesla,57,155,3,89,2023-07-23 16:58:54.996227
4,VOO,Vanguard S&amp;P 500 ETF,54,569,9,41,2023-07-23 16:58:54.996227
5,NVDA,NVIDIA,53,823,4,67,2023-07-23 16:58:54.996227
6,VTI,Vanguard Total Stock Market ETF,42,672,12,25,2023-07-23 16:58:54.996227
7,AMD,AMD,37,480,10,52,2023-07-23 16:58:54.996227
8,QQQ,Invesco QQQ ETF,23,56,5,34,2023-07-23 16:58:54.996227
9,AAPL,Apple,22,61,11,21,2023-07-23 16:58:54.996227
10,TQQQ,ProShares Trust - ProShares UltraPro QQQ,21,97,48,6,2023-07-23 16:58:54.996227
11,MSFT,Microsoft,19,45,6,34,2023-07-23 16:58:54.996227
12,VXUS,"Vanguard Group, Inc. - Vanguard Total International Stock ETF",18,58,51,8,2023-07-23 16:58:54.996227
13,DTE,DTE Energy,15,86,15,17,2023-07-23 16:58:54.996227
14,META,Meta Platforms (Facebook),13,439,7,27,2023-07-23 16:58:54.996227
15,SCHD,Schwab Strategic Trust - CSIM Schwab US Dividend Equity ETF,12,20,75,5,2023-07-23 16:58:54.996227
16,IT,Gartner,12,170,45,5,2023-07-23 16:58:54.996227
17,TD,Toronto Dominion Bank,12,20,78,2,2023-07-23 16:58:54.996227
18,CD,Chindata,11,28,13,23,2023-07-23 16:58:54.996227
19,TA,TravelCenters of America,11,23,23,10,2023-07-23 16:58:54.996227
20,RIVN,Rivian,11,21,65,1,2023-07-23 16:58:54.996227
21,CVNA,Carvana,10,450,8,20,2023-07-23 16:58:54.996227
22,DIS,Walt Disney,10,16,18,13,2023-07-23 16:58:54.996227
23,UPS,United Parcel Service,10,30,28,5,2023-07-23 16:58:54.996227
24,GM,General Motors,9,74,77,3,2023-07-23 16:58:54.996227
25,MA,Mastercard,9,22,90,4,2023-07-23 16:58:54.996227
26,ICE,Intercontinental Exchange,9,3,92,2,2023-07-23 16:58:54.996227
27,SIRI,Sirius XM,9,48,16,5,2023-07-23 16:58:54.996227
28,PLTR,Palantir,9,443,27,13,2023-07-23 16:58:54.996227
29,MMAT,Meta Materials,9,41,909,1,2023-07-23 16:58:54.996227
30,TSM,TSMC,9,14,59,4,2023-07-23 16:58:54.996227
31,SO,Southern Company,8,15,33,8,2023-07-23 16:58:54.996227
32,SP,SP Plus Corporation,8,90,34,11,2023-07-23 16:58:54.996227
33,AM,Antero Midstream,8,25,25,7,2023-07-23 16:58:54.996227
34,SNAP,Snap,8,13,42,3,2023-07-23 16:58:54.996227
35,AMZN,Amazon,8,23,24,6,2023-07-23 16:58:54.996227
36,ES,Eversource Energy,8,21,37,9,2023-07-23 16:58:54.996227
37,DM,Desktop Metal,7,15,352,1,2023-07-23 16:58:54.996227
38,VT,"Vanguard Group, Inc. - Vanguard Total World Stock ETF",7,27,94,4,2023-07-23 16:58:54.996227
39,ASML,ASML,7,10,52,7,2023-07-23 16:58:54.996227
40,ALL,Allstate,6,54,32,9,2023-07-23 16:58:54.996227
41,YOU,CLEAR Secure,6,14,20,15,2023-07-23 16:58:54.996227
42,IP,International Paper,6,136,36,10,2023-07-23 16:58:54.996227
43,NFLX,Netflix,5,10,19,12,2023-07-23 16:58:54.996227
44,GOOGL,Alphabet (Google),5,8,56,4,2023-07-23 16:58:54.996227
45,SQQQ,ProShares Trust - ProShares UltraPro Short QQQ,5,8,81,1,2023-07-23 16:58:54.996227
46,GOOG,Alphabet (Google),5,10,22,11,2023-07-23 16:58:54.996227
47,RE,Everest Re,4,13,73,3,2023-07-23 16:58:54.996227
48,HOOD,Robinhood,4,10,31,7,2023-07-23 16:58:54.996227
49,DOW,Dow,4,5,58,2,2023-07-23 16:58:54.996227
50,BE,Bloom Energy,4,8,597,3,2023-07-23 16:58:54.996227
51,IBM,IBM,4,8,26,10,2023-07-23 16:58:54.996227
52,BBBY,Bed Bath &amp; Beyond,4,12,66,6,2023-07-23 16:58:54.996227
53,GE,General Electric,4,7,67,5,2023-07-23 16:58:54.996227
54,VTV,"Vanguard Group, Inc. - Vanguard Value ETF",4,8,901,1,2023-07-23 16:58:54.996227
55,WH,Wyndham Hotels &amp; Resorts,4,11,912,,2023-07-23 16:58:54.996227
56,ESG,FlexShares Trust - FlexShares STOXX US ESG Impact Index Fund,4,15,968,1,2023-07-23 16:58:54.996227
57,AB,AllianceBernstein,4,12,971,1,2023-07-23 16:58:54.996227
58,XOM,Exxon Mobil,3,8,117,4,2023-07-23 16:58:54.996227
59,SGOV,iShares Trust - iShares 0-3 Month Treasury Bond ETF,3,5,118,2,2023-07-23 16:58:54.996227
60,MAT,Mattel,3,25,46,3,2023-07-23 16:58:54.996227
61,ME,23andMe,3,0,76,3,2023-07-23 16:58:54.996227
62,EU,enCore Energy,3,3,130,1,2023-07-23 16:58:54.996227
63,XBI,SPDR Series Trust - SSgA SPDR Biotech,3,6,0,,2023-07-23 16:58:54.996227
64,GME,GameStop,3,3,35,10,2023-07-23 16:58:54.996227
65,ON,ON Semiconductor,3,19,64,4,2023-07-23 16:58:54.996227
66,IQ,iQIYI,3,0,49,8,2023-07-23 16:58:54.996227
67,HE,Hawaiian Electric Industries,3,9,731,1,2023-07-23 16:58:54.996227
68,QQQM,Invesco Exchange-Traded Fund Trust II - Invesco NASDAQ 100 ETF,3,8,139,3,2023-07-23 16:58:54.996227
69,ABNB,Airbnb,3,7,100,3,2023-07-23 16:58:54.996227
70,NOW,ServiceNow,3,5,38,5,2023-07-23 16:58:54.996227
71,INTC,Intel,3,8,17,17,2023-07-23 16:58:54.996227
72,DWAC,Digital World Acquisition,3,6,44,4,2023-07-23 16:58:54.996227
73,BUD,Anheuser-Busch Inbev,3,8,841,1,2023-07-23 16:58:54.996227
74,WBD,Warner Bros. Discovery,3,526,109,3,2023-07-23 16:58:54.996227
75,IMAX,Imax Corp,2,26,114,1,2023-07-23 16:58:54.996227
76,PYPL,PayPal,2,9,39,4,2023-07-23 16:58:54.996227
77,CME,CME Group,2,3,222,1,2023-07-23 16:58:54.996227
78,WEN,Wendy’s Company,2,21,295,,2023-07-23 16:58:54.996227
79,CVE,Cenovus Energy,2,6,0,,2023-07-23 16:58:54.996227
80,ML,MoneyLion,2,9,60,7,2023-07-23 16:58:54.996227
81,UNG,United States Commodity Funds LLC - United States Natural Gas Fund,2,7,88,3,2023-07-23 16:58:54.996227
82,SF,Stifel,2,5,324,1,2023-07-23 16:58:54.996227
83,VC,Visteon,2,4,127,2,2023-07-23 16:58:54.996227
84,ATVI,Activision Blizzard,2,3,95,1,2023-07-23 16:58:54.996227
85,FLNG,Flex Lng,2,3,0,,2023-07-23 16:58:54.996227
86,IE,Ivanhoe Electric,2,8,538,1,2023-07-23 16:58:54.996227
87,BND,"Vanguard Group, Inc. - Vanguard Total Bond Market ETF",2,9,544,1,2023-07-23 16:58:54.996227
88,WW,Weight Watchers,2,15,132,2,2023-07-23 16:58:54.996227
89,TUP,Tupperware Brands,2,17,63,2,2023-07-23 16:58:54.996227
90,CELU,Celularity,2,5,611,1,2023-07-23 16:58:54.996227
91,WFH,Direxion Funds - Direxion Work From Home ETF,2,156,623,1,2023-07-23 16:58:54.996227
92,PR,Permian Resources,2,34,632,1,2023-07-23 16:58:54.996227
93,VB,"Vanguard Group, Inc. - Vanguard Small Cap ETF",2,9,957,,2023-07-23 16:58:54.996227
94,TR,Tootsie Roll Industries,2,5,670,1,2023-07-23 16:58:54.996227
95,BP,BP,2,6,98,3,2023-07-23 16:58:54.996227
96,APE,AMC APE preferred stock,2,4,14,14,2023-07-23 16:58:54.996227
97,BABA,Alibaba,2,7,781,1,2023-07-23 16:58:54.996227
98,CC,Chemours,2,4,21,10,2023-07-23 16:58:54.996227
99,SE,Sea (Garena),2,6,793,1,2023-07-23 16:58:54.996227
100,VGT,"Vanguard Group, Inc. - Vanguard Information Technology ETF",2,2,810,1,2023-07-23 16:58:54.996227
101,PACW,PacWest Bancorp,2,8,106,3,2023-07-23 16:58:54.996227
102,ED,Consolidated Edison,2,3,852,1,2023-07-23 16:58:54.996227
103,WB,Weibo,2,9,858,1,2023-07-23 16:58:54.996227
104,VUG,"Vanguard Group, Inc. - Vanguard Growth ETF",2,5,880,1,2023-07-23 16:58:54.996227
105,DFLI,Dragonfly Energy,2,4,911,1,2023-07-23 16:58:54.996227
106,SCHG,Schwab Strategic Trust - CSIM Schwab U.S. Large-Cap Growth ETF,2,15,920,1,2023-07-23 16:58:54.996227
107,GT,Goodyear,1,7,927,,2023-07-23 16:58:54.996227
108,EDIT,Editas Medicine,1,0,153,1,2023-07-23 16:58:54.996227
109,HOUR,Hour Loop,1,9,154,1,2023-07-23 16:58:54.996227
110,TMUS,T-Mobile US,1,1,0,,2023-07-23 16:58:54.996227
111,DOCN,DigitalOcean,1,2,156,1,2023-07-23 16:58:54.996227
112,SOFI,SoFi,1,1,158,1,2023-07-23 16:58:54.996227
113,NET,Cloudflare,1,1,159,1,2023-07-23 16:58:54.996227
114,BBIG,Vinco Ventures,1,2,160,1,2023-07-23 16:58:54.996227
115,NICE,NICE,1,3,0,,2023-07-23 16:58:54.996227
116,SLB,Schlumberger,1,0,161,1,2023-07-23 16:58:54.996227
117,DISH,Dish Network,1,1,162,,2023-07-23 16:58:54.996227
118,DAL,Delta Air Lines,1,2,163,1,2023-07-23 16:58:54.996227
119,NEGG,Newegg,1,5,115,1,2023-07-23 16:58:54.996227
120,EVER,EverQuote,1,2,164,,2023-07-23 16:58:54.996227
121,ATR,AptarGroup,1,1,165,1,2023-07-23 16:58:54.996227
122,ETRN,Equitrans Midstream,1,1,150,,2023-07-23 16:58:54.996227
123,PAC,Grupo Aeroportuario del Pacífico,1,1,166,1,2023-07-23 16:58:54.996227
124,DNR,Denbury,1,0,0,,2023-07-23 16:58:54.996227
125,OC,Owens Corning,1,3,168,,2023-07-23 16:58:54.996227
126,FROG,Jfrog,1,5,169,1,2023-07-23 16:58:54.996227
127,BC,Brunswick Corporation,1,2,170,1,2023-07-23 16:58:54.996227
128,FM,BlackRock Institutional Trust Company N.A. - BTC iShares MSCI Frontier,1,3,0,,2023-07-23 16:58:54.996227
129,UAL,United Airlines Holdings,1,3,174,1,2023-07-23 16:58:54.996227
130,HBAN,Huntington Bancshares,1,1,175,1,2023-07-23 16:58:54.996227
131,OMAB,Grupo Aeroportuario Centro Norte,1,2,177,1,2023-07-23 16:58:54.996227
132,CPA,Copa Holdings,1,2,74,2,2023-07-23 16:58:54.996227
133,MSM,MSC Industrial Direct,1,1,178,1,2023-07-23 16:58:54.996227
134,EXP,Eagle Materials,1,6,982,,2023-07-23 16:58:54.996227
135,MC,Moelis &amp; Company,1,1,179,,2023-07-23 16:58:54.996227
136,GTLB,GitLab,1,2,180,1,2023-07-23 16:58:54.996227
137,FANG,Diamondback Energy,1,3,181,1,2023-07-23 16:58:54.996227
138,ENVX,Enovix,1,8,183,1,2023-07-23 16:58:54.996227
139,CLOV,Clover Health Investments,1,0,184,1,2023-07-23 16:58:54.996227
140,SPXL,Direxion Shares ETF Trust - Direxion Daily S&P 500 Bull 3X Shares,1,1,87,3,2023-07-23 16:58:54.996227
141,IIPR,Innovative Industrial,1,1,186,1,2023-07-23 16:58:54.996227
142,XLU,SSgA Active Trust - SSgA Utilities Select Sector SPDR,1,2,187,1,2023-07-23 16:58:54.996227
143,VXX,iPath S&amp;P 500 VIX Short-Term Futures,1,1,188,1,2023-07-23 16:58:54.996227
144,MDLZ,Mondelez,1,4,189,1,2023-07-23 16:58:54.996227
145,OLB,OLB Group,1,12,182,1,2023-07-23 16:58:54.996227
146,HPK,HighPeak Energy,1,2,190,1,2023-07-23 16:58:54.996227
147,BLX,Banco Latinoamericano de Comercio Exterior,1,1,191,1,2023-07-23 16:58:54.996227
148,HBM,Hudbay Minerals,1,1,192,1,2023-07-23 16:58:54.996227
149,TT,Trane Technologies,1,2,193,1,2023-07-23 16:58:54.996227
150,LUMN,Lumen,1,3,0,,2023-07-23 16:58:54.996227
151,XLF,SSgA Active Trust - SSgA Financial Select Sector SPDR,1,1,194,1,2023-07-23 16:58:54.996227
152,CEIX,CONSOL Energy,1,1,116,1,2023-07-23 16:58:54.996227
153,HERO,Global X Funds - Global X Video Games & Esports ETF,1,1,195,1,2023-07-23 16:58:54.996227
154,WTI,W&amp;T Offshore,1,4,185,1,2023-07-23 16:58:54.996227
155,CFLT,Confluent,1,2,196,1,2023-07-23 16:58:54.996227
156,NTR,Nutrien,1,0,198,,2023-07-23 16:58:54.996227
157,SAM,Boston Beer Company,1,2,199,1,2023-07-23 16:58:54.996227
158,ADP,Automatic Data Processing,1,4,200,1,2023-07-23 16:58:54.996227
159,PCTY,Paylocity,1,1,201,1,2023-07-23 16:58:54.996227
160,QS,QuantumScape,1,1,202,1,2023-07-23 16:58:54.996227
161,SB,Safe Bulkers,1,1,203,1,2023-07-23 16:58:54.996227
162,PSR,Invesco Capital Management LLC - Invesco Active U.S. Real Estate ETF,1,12,197,1,2023-07-23 16:58:54.996227
163,HP,Helmerich &amp; Payne,1,5,538,,2023-07-23 16:58:54.996227
164,GB,Global Blue Group,1,7,206,1,2023-07-23 16:58:54.996227
165,NXE,NexGen Energy,1,4,207,1,2023-07-23 16:58:54.996227
166,SSD,Simpson Manufacturing Company,1,3,208,,2023-07-23 16:58:54.996227
167,WES,Western Midstream,1,1,209,1,2023-07-23 16:58:54.996227
168,LOVE,LoveSac,1,1,210,1,2023-07-23 16:58:54.996227
169,DC,Dakota Gold,1,3,211,1,2023-07-23 16:58:54.996227
170,HOPE,Hope Bancorp,1,2,634,,2023-07-23 16:58:54.996227
171,BITO,ProShares Bito,1,1,0,,2023-07-23 16:58:54.996227
172,TOWN,TowneBank,1,3,214,1,2023-07-23 16:58:54.996227
173,PTEN,Patterson-UTI Energy,1,1,216,1,2023-07-23 16:58:54.996227
174,SIG,Signet Jewelers,1,1,217,1,2023-07-23 16:58:54.996227
175,LYFT,Lyft,1,1,218,1,2023-07-23 16:58:54.996227
176,ZS,Zscaler,1,2,219,1,2023-07-23 16:58:54.996227
177,AIN,Albany International,1,7,220,1,2023-07-23 16:58:54.996227
178,SVXY,ProShares Trust - ProShares Short VIX Short-Term Futures ETF,1,1,213,1,2023-07-23 16:58:54.996227
179,RTX,Raytheon Technologies,1,1,119,1,2023-07-23 16:58:54.996227
180,EW,Edwards Lifesciences,1,1,0,,2023-07-23 16:58:54.996227
181,ODD,ODDITY Tech,1,0,225,1,2023-07-23 16:58:54.996227
182,RACE,Ferrari,1,2,0,,2023-07-23 16:58:54.996227
183,DV,DoubleVerify,1,6,218,1,2023-07-23 16:58:54.996227
184,BLK,BlackRock,1,12,227,1,2023-07-23 16:58:54.996227
185,CHEF,The Chefs' Warehouse,1,6,229,1,2023-07-23 16:58:54.996227
186,WINA,Winmark,1,2,230,1,2023-07-23 16:58:54.996227
187,RCL,Royal Caribbean,1,2,231,1,2023-07-23 16:58:54.996227
188,T,AT&T,1,2,232,1,2023-07-23 16:58:54.996227
189,RGR,"Sturm, Ruger &amp; Co",1,4,233,1,2023-07-23 16:58:54.996227
190,FERG,Ferguson,1,1,0,,2023-07-23 16:58:54.996227
191,ADBE,Adobe,1,2,235,1,2023-07-23 16:58:54.996227
192,RIO,Rio Tinto,1,5,236,1,2023-07-23 16:58:54.996227
193,VIOV,"Vanguard Group, Inc. - Vanguard S&P Small-Cap 600 Value ETF",1,3,0,,2023-07-23 16:58:54.996227
194,EA,Electronic Arts,1,2,239,1,2023-07-23 16:58:54.996227
195,ARGT,Global X Funds - Global X MSCI Argentina ETF,1,0,0,,2023-07-23 16:58:54.996227
196,CAT,Caterpillar,1,1,240,1,2023-07-23 16:58:54.996227
197,CNQ,Canadian Natural Resources,1,3,234,1,2023-07-23 16:58:54.996227
198,ITOT,BlackRock Institutional Trust Company N.A. - BTC iShares Core S&P Tota,1,1,241,1,2023-07-23 16:58:54.996227
199,CHPT,ChargePoint,1,2,242,1,2023-07-23 16:58:54.996227
200,TSE,Trinseo,1,1,989,,2023-07-23 16:58:54.996227
201,SEEL,Seelos Therapeutics,1,1,243,1,2023-07-23 16:58:54.996227
202,LUV,Southwest Airlines,1,1,244,1,2023-07-23 16:58:54.996227
203,AA,Alcoa,1,2,54,6,2023-07-23 16:58:54.996227
204,TEAM,Atlassian,1,0,245,1,2023-07-23 16:58:54.996227
205,VONG,"Vanguard Group, Inc. - Vanguard Russell 1000 Growth Index ETF",1,2,246,1,2023-07-23 16:58:54.996227
206,PXD,Pioneer Natural Resources,1,3,241,1,2023-07-23 16:58:54.996227
207,INT,World Fuel Services,1,2,247,1,2023-07-23 16:58:54.996227
208,CAR,Avis Budget Group,1,9,249,1,2023-07-23 16:58:54.996227
209,IVV,iShares Core S&amp;P 500,1,2,250,1,2023-07-23 16:58:54.996227
210,WM,Waste Management,1,4,120,1,2023-07-23 16:58:54.996227
211,PBS,Invesco Capital Management LLC - Invesco Dynamic Media ETF,1,0,251,1,2023-07-23 16:58:54.996227
212,RIDE,Lordstown Motors,1,5,0,,2023-07-23 16:58:54.996227
213,VRSN,VeriSign,1,4,246,1,2023-07-23 16:58:54.996227
214,LAB,Standard BioTools,1,1,253,,2023-07-23 16:58:54.996227
215,NVO,Novo Nordisk,1,1,254,1,2023-07-23 16:58:54.996227
216,DRV,Direxion Shares ETF Trust - Direxion Daily Real Estate Bear 3X Shares,1,1,0,,2023-07-23 16:58:54.996227
217,TPL,Texas Pacific Land Trust,1,3,252,1,2023-07-23 16:58:54.996227
218,ROLL,RBC Bearings,1,6,258,1,2023-07-23 16:58:54.996227
219,RBT,Rubicon Technologies,1,3,259,1,2023-07-23 16:58:54.996227
220,KW,Kennedy Wilson,1,7,256,1,2023-07-23 16:58:54.996227
221,YANG,Direxion Shares ETF Trust - Direxion Daily FTSE China Bear 3X Shares,1,1,0,,2023-07-23 16:58:54.996227
222,MPC,Marathon Petroleum,1,3,260,1,2023-07-23 16:58:54.996227
223,REAL,The RealReal,1,4,265,1,2023-07-23 16:58:54.996227
224,JD,Jingdong Mall,1,2,266,1,2023-07-23 16:58:54.996227
225,UAN,CVR Partners,1,1,263,1,2023-07-23 16:58:54.996227
226,MTG,MGIC Investment,1,3,267,1,2023-07-23 16:58:54.996227
227,CF,CF Industries,1,4,268,1,2023-07-23 16:58:54.996227
228,ABC,AmerisourceBergen,1,8,269,,2023-07-23 16:58:54.996227
229,GBCI,Glacier Bancorp,1,1,0,,2023-07-23 16:58:54.996227
230,ASO,Academy Sports,1,2,270,,2023-07-23 16:58:54.996227
231,MUSA,Murphy USA,1,3,271,1,2023-07-23 16:58:54.996227
232,LOGI,Logitech,1,6,272,1,2023-07-23 16:58:54.996227
233,RUM,Rumble,1,2,273,1,2023-07-23 16:58:54.996227
234,XLK,SSgA Active Trust - SSgA Technology Select Sector SPDR,1,2,274,1,2023-07-23 16:58:54.996227
235,DFS,Discover Financial Services,1,1,276,1,2023-07-23 16:58:54.996227
236,GD,General Dynamics,1,1,277,1,2023-07-23 16:58:54.996227
237,VUZI,Vuzix,1,1,275,1,2023-07-23 16:58:54.996227
238,CORN,"Teucrium Trading, LLC - Teucrium Corn Fund",1,2,278,1,2023-07-23 16:58:54.996227
239,TTWO,Take 2 Interactive,1,3,485,,2023-07-23 16:58:54.996227
240,THC,Tenet Healthcare,1,2,281,1,2023-07-23 16:58:54.996227
241,COLB,Columbia Bank,1,1,0,,2023-07-23 16:58:54.996227
242,SOXL,Direxion Shares ETF Trust - Direxion Daily Semiconductor Bull 3X Share,1,5,282,,2023-07-23 16:58:54.996227
243,NIO,NIO,1,1,121,1,2023-07-23 16:58:54.996227
244,ASB,Associated Banc-Corp,1,2,285,1,2023-07-23 16:58:54.996227
245,DRIP,Direxion Shares ETF Trust - Direxion Daily S&P Oil & Gas Exp. & Prod.,1,9,286,1,2023-07-23 16:58:54.996227
246,FTEC,Fidelity Covington Trust - Fidelity MSCI Information Technology Index,1,0,287,1,2023-07-23 16:58:54.996227
247,RAD,Rite Aid,1,1,289,1,2023-07-23 16:58:54.996227
248,UI,Ubiquiti,1,2,290,1,2023-07-23 16:58:54.996227
249,AZZ,AZZ,1,1,291,1,2023-07-23 16:58:54.996227
250,ELF,e.l.f. Cosmetics,1,1,292,1,2023-07-23 16:58:54.996227
251,TXN,Texas Instruments,1,5,293,1,2023-07-23 16:58:54.996227
252,WOLF,Wolfspeed,1,3,294,1,2023-07-23 16:58:54.996227
253,AX,Axos Financial,1,3,729,,2023-07-23 16:58:54.996227
254,AUB,Atlantic Union Bankshares,1,1,0,,2023-07-23 16:58:54.996227
255,TTOO,T2 Biosystems,1,5,296,1,2023-07-23 16:58:54.996227
256,OSA,ProSomnus,1,2,299,1,2023-07-23 16:58:54.996227
257,NE,Noble Corporation,1,3,614,,2023-07-23 16:58:54.996227
258,AMR,Alpha Metallurgical Resources,1,2,301,1,2023-07-23 16:58:54.996227
259,NXPI,NXP Semiconductors,1,1,0,,2023-07-23 16:58:54.996227
260,BJ,BJ's Wholesale Club,1,5,302,1,2023-07-23 16:58:54.996227
261,ONEQ,Fidelity Covington Trust - Fidelity Nasdaq Composite Index Tracking St,1,1,303,1,2023-07-23 16:58:54.996227
262,AAA,Listed Funds Trust - AAF First Priority CLO Bond ETF,1,3,0,,2023-07-23 16:58:54.996227
263,VIOO,"Vanguard Group, Inc. - Vanguard S&P Small-Cap 600 ETF",1,1,304,1,2023-07-23 16:58:54.996227
264,AHI,Advanced Human Imaging,1,2,306,1,2023-07-23 16:58:54.996227
265,MCD,McDonald,1,1,122,1,2023-07-23 16:58:54.996227
266,LLY,Eli Lilly,1,1,307,1,2023-07-23 16:58:54.996227
267,DSP,Viant Technology,1,4,0,,2023-07-23 16:58:54.996227
268,TMO,Thermo Fisher Scientific,1,1,0,,2023-07-23 16:58:54.996227
269,VZ,Verizon,1,0,29,9,2023-07-23 16:58:54.996227
270,BK,Bank of New York Mellon,1,1,309,1,2023-07-23 16:58:54.996227
271,KDP,Keurig Dr Pepper,1,2,312,1,2023-07-23 16:58:54.996227
272,BV,BrightView,1,4,0,,2023-07-23 16:58:54.996227
273,AMGN,Amgen,1,1,313,1,2023-07-23 16:58:54.996227
274,CIFR,Cipher Mining,1,11,314,1,2023-07-23 16:58:54.996227
275,QCOM,QUALCOMM,1,2,315,1,2023-07-23 16:58:54.996227
276,WD,Walker &amp; Dunlop,1,0,316,1,2023-07-23 16:58:54.996227
277,VYM,"Vanguard Group, Inc. - Vanguard High Dividend Yield Indx ETF",1,1,185,,2023-07-23 16:58:54.996227
278,DHR,Danaher,1,1,0,,2023-07-23 16:58:54.996227
279,DHI,D. R. Horton,1,1,317,1,2023-07-23 16:58:54.996227
280,DQ,DAQO New Energy,1,2,318,1,2023-07-23 16:58:54.996227
281,SBUX,Starbucks,1,4,319,1,2023-07-23 16:58:54.996227
282,PRA,ProAssurance,1,5,325,1,2023-07-23 16:58:54.996227
283,NOBL,ProShares Trust - ProShares S&P 500 Dividend Aristocrats ETF,1,1,0,,2023-07-23 16:58:54.996227
284,AVTR,Avantor,1,1,0,,2023-07-23 16:58:54.996227
285,DGX,Quest Diagnostics,1,1,326,1,2023-07-23 16:58:54.996227
286,TRC,Tejon Ranch,1,0,327,1,2023-07-23 16:58:54.996227
287,CVX,Chevron,1,3,327,1,2023-07-23 16:58:54.996227
288,JOBY,Joby Aviation,1,2,329,1,2023-07-23 16:58:54.996227
289,GFAI,Guardforce AI,1,1,330,1,2023-07-23 16:58:54.996227
290,VWO,"Vanguard Group, Inc. - Vanguard FTSE Emerging Markets ETF",1,1,331,1,2023-07-23 16:58:54.996227
291,MO,Altria Group,1,0,332,1,2023-07-23 16:58:54.996227
292,ABB,ABB,1,9,333,1,2023-07-23 16:58:54.996227
293,CSCO,Cisco,1,3,334,1,2023-07-23 16:58:54.996227
294,PATH,UiPath,1,5,335,1,2023-07-23 16:58:54.996227
295,NG,NovaGold Resources,1,4,0,,2023-07-23 16:58:54.996227
296,URTH,BlackRock Institutional Trust Company N.A. - BTC iShares MSCI World ET,1,2,337,1,2023-07-23 16:58:54.996227
297,EBAY,eBay,1,1,339,1,2023-07-23 16:58:54.996227
298,IJH,BlackRock Institutional Trust Company N.A. - BTC iShares Core S&P Mid-,1,1,0,,2023-07-23 16:58:54.996227
299,APH,Amphenol,1,1,0,,2023-07-23 16:58:54.996227
300,CSV,Carriage Services,1,1,340,,2023-07-23 16:58:54.996227
301,CCL,Carnival Cruise Line,1,2,341,1,2023-07-23 16:58:54.996227
302,RF,Regions Financial,1,2,342,,2023-07-23 16:58:54.996227
303,MOD,Modine Manufacturing,1,7,343,1,2023-07-23 16:58:54.996227
304,BX,Blackstone Group,1,0,260,,2023-07-23 16:58:54.996227
305,PGC,Peapack-Gladstone Financial,1,1,344,1,2023-07-23 16:58:54.996227
306,MU,Micron Technology,1,1,347,1,2023-07-23 16:58:54.996227
307,EWJ,BlackRock Institutional Trust Company N.A. - BTC iShares MSCI Japan ET,1,1,348,1,2023-07-23 16:58:54.996227
308,CMCSA,Comcast,1,523,0,,2023-07-23 16:58:54.996227
309,ADM,Archer Daniels Midland,1,6,349,1,2023-07-23 16:58:54.996227
310,NEXT,NextDecade Corp,1,3,350,1,2023-07-23 16:58:54.996227
311,CCU,Compañía Cervecerías Unidas,1,2,353,1,2023-07-23 16:58:54.996227
312,IEFA,BlackRock Institutional Trust Company N.A. - BTC iShares Core MSCI EAF,1,1,0,,2023-07-23 16:58:54.996227
313,BSX,Boston Scientific,1,1,0,,2023-07-23 16:58:54.996227
314,VIG,"Vanguard Group, Inc. - Vanguard Dividend Appreciation FTF",1,3,354,1,2023-07-23 16:58:54.996227
315,BITF,Bitfarms,1,1,355,1,2023-07-23 16:58:54.996227
316,LULU,lululemon athletica,1,2,123,1,2023-07-23 16:58:54.996227
317,SSYS,Stratasys,1,1,356,1,2023-07-23 16:58:54.996227
318,AVUV,American Century ETF Trust - Avantis U.S. Small Cap Value ETF,1,3,357,1,2023-07-23 16:58:54.996227
319,AIM,AIM ImmunoTech,1,2,358,1,2023-07-23 16:58:54.996227
320,PDBC,Invesco Capital Management LLC - Invesco Optimum Yield Diversified Com,1,18,0,,2023-07-23 16:58:54.996227
321,BOIL,ProShares Trust - ProShares Ultra Bloomberg Natural Gas,1,1,362,,2023-07-23 16:58:54.996227
322,PHUN,Phunware,1,1,0,,2023-07-23 16:58:54.996227
323,AGNC,AGNC Investment,1,3,363,1,2023-07-23 16:58:54.996227
324,RICK,RCI Hospitality Holdings,1,2,364,1,2023-07-23 16:58:54.996227
325,RIOT,Riot Blockchain,1,6,124,2,2023-07-23 16:58:54.996227
326,DKNG,DraftKings,1,419,365,1,2023-07-23 16:58:54.996227
327,DXCM,DexCom,1,1,0,,2023-07-23 16:58:54.996227
328,WF,Woori Financial Group,1,0,366,1,2023-07-23 16:58:54.996227
329,ROKU,Roku,1,2,367,1,2023-07-23 16:58:54.996227
330,SNP,Sinopec,1,1,369,1,2023-07-23 16:58:54.996227
331,WE,WeWork,1,1,55,6,2023-07-23 16:58:54.996227
332,EE,Excelerate Energy,1,2,0,,2023-07-23 16:58:54.996227
333,STRL,Sterling Construction,1,1,370,1,2023-07-23 16:58:54.996227
334,FC,Franklin Covey,1,2,371,,2023-07-23 16:58:54.996227
335,SILJ,ETF Managers Group LLC - ETFMG Prime Junior Silver Miners ETF,1,0,372,1,2023-07-23 16:58:54.996227
336,BB,BlackBerry,1,4,61,5,2023-07-23 16:58:54.996227
337,NGL,NGL Energy Partners,1,1,374,1,2023-07-23 16:58:54.996227
338,CIA,Citizens Inc,1,18,375,1,2023-07-23 16:58:54.996227
339,PFLT,PennantPark Floating Rate,1,1,376,1,2023-07-23 16:58:54.996227
340,LJIM,The Long Cramer ETF,1,1,433,,2023-07-23 16:58:54.996227
341,WFC,Wells Fargo,1,1,377,,2023-07-23 16:58:54.996227
342,CTS,CTS Corporation,1,1,378,1,2023-07-23 16:58:54.996227
343,NEE,Nextera Energy,1,1,0,,2023-07-23 16:58:54.996227
344,STX,Seagate Technology,1,1,379,1,2023-07-23 16:58:54.996227
345,SLDP,Solid Power,1,1,0,,2023-07-23 16:58:54.996227
346,HACK,ETF Managers Group LLC - ETFMG Prime Cyber Security ETF,1,2,0,,2023-07-23 16:58:54.996227
347,DO,Diamond Offshore Drilling,1,2,47,5,2023-07-23 16:58:54.996227
348,DIVO,Amplify ETF Trust - Amplify CPW Enhanced Dividend Income ETF,1,1,380,1,2023-07-23 16:58:54.996227
349,SAGE,Sage Therapeutics,1,20,381,1,2023-07-23 16:58:54.996227
350,GILD,Gilead Sciences,1,0,79,1,2023-07-23 16:58:54.996227
351,MET,MetLife,1,1,0,,2023-07-23 16:58:54.996227
352,ANY,Sphere 3D,1,0,125,2,2023-07-23 16:58:54.996227
353,CEI,Camber Energy,1,1,382,1,2023-07-23 16:58:54.996227
354,HI,Hillenbrand,1,3,383,1,2023-07-23 16:58:54.996227
355,CIBR,First Trust Exchange-Traded Fund III - First Trust NASDAQ Cybersecurit,1,2,0,,2023-07-23 16:58:54.996227
356,AXP,American Express,1,1,384,1,2023-07-23 16:58:54.996227
357,VCIT,"Vanguard Group, Inc. - Vanguard Intermediate-Term Corporate Bond ETF",1,1,385,1,2023-07-23 16:58:54.996227
358,STEM,stem,1,4,386,1,2023-07-23 16:58:54.996227
359,SNOW,Snowflake,1,-9,387,1,2023-07-23 16:58:54.996227
360,RIG,Transocean,1,1,387,1,2023-07-23 16:58:54.996227
361,VERY,Vericity,1,1,388,1,2023-07-23 16:58:54.996227
362,CMP,Compass Minerals,1,1,389,1,2023-07-23 16:58:54.996227
363,SQM,Sociedad Química y Minera,1,20,390,1,2023-07-23 16:58:54.996227
364,UPRO,ProShares Trust - ProShares UltraPro S&P 500 ETF,1,1,392,1,2023-07-23 16:58:54.996227
365,FAT,FAT Brands,1,2,394,1,2023-07-23 16:58:54.996227
366,BIL,SPDR Series Trust - SPDR Bloomberg Barclays 1-3 Month T-Bill ETF,1,3,89,3,2023-07-23 16:58:54.996227
367,III,Information Services Group,1,1,126,2,2023-07-23 16:58:54.996227
368,VPN,Global X Funds - Global X Data Center REITs & Digital Infrastructure E,1,1,396,,2023-07-23 16:58:54.996227
369,SD,SandRidge Energy,1,12,399,1,2023-07-23 16:58:54.996227
370,SPXS,Direxion Shares ETF Trust - Direxion Daily S&P 500 Bear 3X Shares,1,1,400,1,2023-07-23 16:58:54.996227
371,WBA,Walgreens Boots Alliance,1,4,0,,2023-07-23 16:58:54.996227
372,KC,Kingsoft Cloud,1,1,405,1,2023-07-23 16:58:54.996227
373,DK,Delek US,1,2,408,1,2023-07-23 16:58:54.996227
374,IRS,IRSA Inversiones y Representaciones,1,6,40,7,2023-07-23 16:58:54.996227
375,CBOE,Cboe,1,3,753,,2023-07-23 16:58:54.996227
376,S,SentinelOne,1,1,0,,2023-07-23 16:58:54.996227
377,WU,Western Union,1,1,411,1,2023-07-23 16:58:54.996227
378,PHYS,Sprott Physical Gold Trust,1,-2,91,3,2023-07-23 16:58:54.996227
379,DEA,Easterly Government Properties,1,6,412,1,2023-07-23 16:58:54.996227
380,CFG,Citizens Financial Group,1,1,128,2,2023-07-23 16:58:54.996227
381,RGTI,Rigetti Computing,1,3,415,1,2023-07-23 16:58:54.996227
382,CP,Canadian Pacific Railway,1,2,416,,2023-07-23 16:58:54.996227
383,MVIS,Microvision,1,2,418,1,2023-07-23 16:58:54.996227
384,YELL,Yellow Corporation,1,3,419,1,2023-07-23 16:58:54.996227
385,TALK,Talkspace,1,4,421,1,2023-07-23 16:58:54.996227
386,CLF,Cleveland-Cliffs,1,3,423,1,2023-07-23 16:58:54.996227
387,PSLV,Sprott Physical Silver Trust,1,-2,93,3,2023-07-23 16:58:54.996227
388,THO,Thor Industries,1,1,465,,2023-07-23 16:58:54.996227
389,OPRA,Opera,1,3,431,,2023-07-23 16:58:54.996227
390,DHS,WisdomTree Trust - WisdomTree U.S. High Dividend Fund,1,6,424,1,2023-07-23 16:58:54.996227
391,RC,Ready Capital,1,17,425,,2023-07-23 16:58:54.996227
392,MX,Magnachip,1,1,426,1,2023-07-23 16:58:54.996227
393,OG,Onion Global,1,3,129,2,2023-07-23 16:58:54.996227
394,ATOS,Atossa Therapeutics,1,2,428,1,2023-07-23 16:58:54.996227
395,DON,WisdomTree Trust - WisdomTree U.S. MidCap Dividend Fund,1,2,429,2,2023-07-23 16:58:54.996227
396,PINS,Pinterest,1,0,430,1,2023-07-23 16:58:54.996227
397,ET,Energy Transfer Partners,1,2,41,7,2023-07-23 16:58:54.996227
398,MDB,MongoDB,1,11,404,,2023-07-23 16:58:54.996227
399,DARE,Dare Bioscience,1,6,434,1,2023-07-23 16:58:54.996227
400,TDG,TransDigm,1,0,436,1,2023-07-23 16:58:54.996227
401,RUN,Sunrun,1,1,437,1,2023-07-23 16:58:54.996227
402,GSJY,Goldman Sachs ETF Trust - Goldman Sachs ActiveBeta Japan Equity ET,1,5,438,1,2023-07-23 16:58:54.996227
403,DEI,Douglas Emmett,1,3,0,,2023-07-23 16:58:54.996227
404,OCFC,OceanFirst Financial,1,1,439,1,2023-07-23 16:58:54.996227
405,ALLO,Allogene Therapeutics,1,3,441,1,2023-07-23 16:58:54.996227
406,ARKF,ARK ETF Trust - ARK Fintech Innovation ETF,1,2,442,1,2023-07-23 16:58:54.996227
407,BYND,Beyond Meat,1,3,443,1,2023-07-23 16:58:54.996227
408,DFJ,WisdomTree Trust - WisdomTree Japan SmallCap Dividend Fund,1,5,444,1,2023-07-23 16:58:54.996227
409,MSCI,MSCI,1,1,445,1,2023-07-23 16:58:54.996227
410,OXY,Occidental Petroleum,1,1,446,1,2023-07-23 16:58:54.996227
411,CB,Chubb,1,3,447,1,2023-07-23 16:58:54.996227
412,GETY,Getty Images,1,3,450,1,2023-07-23 16:58:54.996227
413,AKA,a.k.a. Brands,1,4,451,1,2023-07-23 16:58:54.996227
414,HAS,Hasbro,1,1,452,1,2023-07-23 16:58:54.996227
415,OTIS,Otis Worldwide,1,2,453,1,2023-07-23 16:58:54.996227
416,FDRR,Fidelity Covington Trust - Fidelity Dividend ETF for Rising Rates,1,1,458,1,2023-07-23 16:58:54.996227
417,FITB,Fifth Third Bank,1,1,460,1,2023-07-23 16:58:54.996227
418,APLS,Apellis Pharmaceuticals,1,1,462,1,2023-07-23 16:58:54.996227
419,ZM,Zoom,1,21,463,1,2023-07-23 16:58:54.996227
420,ETSY,Etsy,1,1,466,1,2023-07-23 16:58:54.996227
421,SONY,Sony,1,3,467,1,2023-07-23 16:58:54.996227
422,BRO,Brown &amp; Brown,1,-1,468,2,2023-07-23 16:58:54.996227
423,GL,Globe Life,1,-1,471,1,2023-07-23 16:58:54.996227
424,PL,Planet Labs,1,12,472,1,2023-07-23 16:58:54.996227
425,SIM,Grupo Simec,1,2,0,,2023-07-23 16:58:54.996227
426,UVXY,ProShares Trust - ProShares Ultra VIX Short-Term Futures ETF,1,1,473,1,2023-07-23 16:58:54.996227
427,LNG,Cheniere Energy,1,2,474,2,2023-07-23 16:58:54.996227
428,SAP,SAP,1,1,476,1,2023-07-23 16:58:54.996227
429,NYT,New York Times,1,1,477,1,2023-07-23 16:58:54.996227
430,DAR,Darling Ingredients,1,3,478,1,2023-07-23 16:58:54.996227
431,VDE,"Vanguard Group, Inc. - Vanguard Energy ETF",1,3,0,,2023-07-23 16:58:54.996227
432,ULTA,ULTA Beauty,1,2,480,1,2023-07-23 16:58:54.996227
433,IBKR,Interactive Brokers,1,1,481,1,2023-07-23 16:58:54.996227
434,ZG,Zillow,1,1,0,,2023-07-23 16:58:54.996227
435,VAL,Valaris,1,1,0,,2023-07-23 16:58:54.996227
436,AGM,Federal Agricultural Mortgage,1,2,483,1,2023-07-23 16:58:54.996227
437,FID,First Trust Exchange-Traded Fund VI - First Trust S&P International Di,1,2,0,,2023-07-23 16:58:54.996227
438,CNK,Cinemark Theatres,1,2,487,1,2023-07-23 16:58:54.996227
439,VIXY,ProShares Trust - ProShares VIX Short-Term Futures ETF,1,2,0,,2023-07-23 16:58:54.996227
440,SPSM,SSgA Active Trust - SPDR Portfolio S&P 600 Small Cap ETF,1,3,0,,2023-07-23 16:58:54.996227
441,SMH,VanEck Vectors ETF Trust - VanEck Vectors Semiconductor ETF,1,3,488,1,2023-07-23 16:58:54.996227
442,ZION,Zions Bancorporation,1,1,489,1,2023-07-23 16:58:54.996227
443,AAL,American Airlines,1,3,490,1,2023-07-23 16:58:54.996227
444,PST,Invesco Capital Management LLC - PowerShares UltraShort Lehman 7-10 +,1,1,669,,2023-07-23 16:58:54.996227
445,VMI,Valmont Industries,1,2,491,1,2023-07-23 16:58:54.996227
446,HR,Healthcare Realty,1,6,492,,2023-07-23 16:58:54.996227
447,FRC,First Republic Bank,1,3,493,1,2023-07-23 16:58:54.996227
448,TZA,Direxion Shares ETF Trust - Direxion Daily Small Cap Bear 3X Shares,1,3,494,1,2023-07-23 16:58:54.996227
449,AVPT,AvePoint,1,0,496,1,2023-07-23 16:58:54.996227
450,PLAY,Dave & Buster's,1,10,497,1,2023-07-23 16:58:54.996227
451,JBLU,Jetblue Airways,1,1,498,1,2023-07-23 16:58:54.996227
452,TECH,Bio-Techne,1,3,499,1,2023-07-23 16:58:54.996227
453,MGK,"Vanguard Group, Inc. - Vanguard Mega Cap Growth ETF",1,5,0,,2023-07-23 16:58:54.996227
454,FFIE,Faraday Future,1,3,500,1,2023-07-23 16:58:54.996227
455,CS,Credit Suisse,1,7,501,,2023-07-23 16:58:54.996227
456,TTM,Tata Motors,1,1,504,1,2023-07-23 16:58:54.996227
457,REGN,Regeneron Pharmaceuticals,1,3,505,1,2023-07-23 16:58:54.996227
458,MARA,Marathon Digital Holdings,1,3,80,1,2023-07-23 16:58:54.996227
459,XYLD,Global X Funds - Global X S&P 500 Covered Call ETF,1,5,508,1,2023-07-23 16:58:54.996227
460,BNGO,Bionano Genomics,1,1,510,1,2023-07-23 16:58:54.996227
461,ARCC,Ares Capital,1,3,512,1,2023-07-23 16:58:54.996227
462,HCP,HashiCorp,1,2,516,1,2023-07-23 16:58:54.996227
463,CSX,CSX Corporation,1,1,517,1,2023-07-23 16:58:54.996227
464,SENS,Senseonics Holdings,1,3,518,1,2023-07-23 16:58:54.996227
465,LABU,Direxion Shares ETF Trust - Direxion Daily S&P Biotech Bull 3X Shares,1,1,0,,2023-07-23 16:58:54.996227
466,TWLO,Twilio,1,14,522,1,2023-07-23 16:58:54.996227
467,NC,NACCO Industries,1,2,523,1,2023-07-23 16:58:54.996227
468,MGOL,MGO Global,1,3,520,1,2023-07-23 16:58:54.996227
469,MOM,AGF Investments Trust - AGFiQ U.S. Market Neutral Momentum Fund,1,9,525,,2023-07-23 16:58:54.996227
470,FF,FutureFuel,1,3,528,1,2023-07-23 16:58:54.996227
471,SMCI,Supermicro,1,2,529,1,2023-07-23 16:58:54.996227
472,ARBK,Argo Blockchain,1,1,530,1,2023-07-23 16:58:54.996227
473,PBD,Invesco Capital Management LLC - Invesco Global Clean Energy ETF,1,-1,531,1,2023-07-23 16:58:54.996227
474,AN,AutoNation,1,49,533,1,2023-07-23 16:58:54.996227
475,WWW,Wolverine World Wide,1,1,534,1,2023-07-23 16:58:54.996227
476,EC,Ecopetrol,1,1,483,,2023-07-23 16:58:54.996227
477,GS,Goldman Sachs,1,1,535,1,2023-07-23 16:58:54.996227
478,PSA,Public Storage,1,3,536,1,2023-07-23 16:58:54.996227
479,BMI,Badger Meter,1,4,540,1,2023-07-23 16:58:54.996227
480,MAN,ManpowerGroup,1,36,541,1,2023-07-23 16:58:54.996227
481,SACH,Sachem Capital,1,1,0,,2023-07-23 16:58:54.996227
482,OI,O-I Glass,1,1,542,1,2023-07-23 16:58:54.996227
483,LE,Lands' End,1,8,543,1,2023-07-23 16:58:54.996227
484,CDL,Victory Portfolios II - VictoryShares US Large Cap High Div Volatility,1,1,545,,2023-07-23 16:58:54.996227
485,RKLB,Rocket Lab USA,1,3,57,3,2023-07-23 16:58:54.996227
486,RSP,Invesco Capital Management LLC - Invesco S&P 500 Equal Weight ETF,1,5,547,1,2023-07-23 16:58:54.996227
487,GBDC,Golub Capital,1,-1,548,1,2023-07-23 16:58:54.996227
488,MTB,M&T Bank,1,1,549,1,2023-07-23 16:58:54.996227
489,PHO,Invesco Capital Management LLC - Invesco Water Resources ETF,1,3,550,1,2023-07-23 16:58:54.996227
490,SOXS,Direxion Shares ETF Trust - Direxion Daily Semiconductor Bear 3X Share,1,1,552,1,2023-07-23 16:58:54.996227
491,HIVE,HIVE Blockchain Technologies,1,2,0,,2023-07-23 16:58:54.996227
492,LMT,Lockheed Martin,1,4,131,2,2023-07-23 16:58:54.996227
493,FA,First Advantage,1,2,30,8,2023-07-23 16:58:54.996227
494,PTON,Peloton,1,1,556,1,2023-07-23 16:58:54.996227
495,CFA,Victory Portfolios II - VictoryShares US 500 Volatility Wtd ETF,1,55,559,1,2023-07-23 16:58:54.996227
496,PG,Procter & Gamble,1,2,560,1,2023-07-23 16:58:54.996227
497,TIP,BlackRock Institutional Trust Company N.A. - BTC iShares TIPS Bond ETF,1,6,561,1,2023-07-23 16:58:54.996227
498,LMND,Lemonade,1,1,562,1,2023-07-23 16:58:54.996227
499,STWD,Starwood Property Trust,1,217,563,1,2023-07-23 16:58:54.996227
500,FAMI,Farmmi,1,3,564,1,2023-07-23 16:58:54.996227
501,SON,Sonoco,1,4,565,1,2023-07-23 16:58:54.996227
502,LCID,Lucid Motors,1,2,566,1,2023-07-23 16:58:54.996227
503,AG,First Majestic Silver,1,4,567,1,2023-07-23 16:58:54.996227
504,MAR,Marriott International,1,1,568,1,2023-07-23 16:58:54.996227
505,MVST,Microvast,1,1,571,1,2023-07-23 16:58:54.996227
506,KRE,SPDR Series Trust - SPDR S&P Regional Banking ETF,1,2,572,1,2023-07-23 16:58:54.996227
507,UP,Wheels Up,1,2,62,4,2023-07-23 16:58:54.996227
508,CRL,Charles River Laboratories,1,1,574,1,2023-07-23 16:58:54.996227
509,KR,Kroger,1,1,577,1,2023-07-23 16:58:54.996227
510,MFA,MFA Financial,1,7,580,1,2023-07-23 16:58:54.996227
511,SWBI,Smith &amp; Wesson,1,3,0,,2023-07-23 16:58:54.996227
512,RPG,Invesco Capital Management LLC - Invesco S&P 500 Pure Growth ETF,1,5,581,1,2023-07-23 16:58:54.996227
513,THRX,Theseus Pharmaceuticals,1,2,584,1,2023-07-23 16:58:54.996227
514,TAP,Molson Coors,1,2,585,1,2023-07-23 16:58:54.996227
515,TM,Toyota,1,4,133,3,2023-07-23 16:58:54.996227
516,PPL,PPL,1,1,587,1,2023-07-23 16:58:54.996227
517,PNC,PNC Financial Services,1,1,590,1,2023-07-23 16:58:54.996227
518,HUT,Hut 8 Mining,1,1,593,1,2023-07-23 16:58:54.996227
519,TRIP,TripAdvisor,1,3,594,1,2023-07-23 16:58:54.996227
520,PFE,Pfizer,1,6,595,1,2023-07-23 16:58:54.996227
521,TOP,TOP Financial Group Limited,1,1,596,1,2023-07-23 16:58:54.996227
522,PEP,Pepsico,1,1,600,1,2023-07-23 16:58:54.996227
523,UFO,Procure ETF Trust II - Procure Space ETF,1,1,601,1,2023-07-23 16:58:54.996227
524,LIT,Global X Funds - Global X Lithium & Battery Tech ETF,1,2,603,1,2023-07-23 16:58:54.996227
525,BA,Boeing,1,5,604,1,2023-07-23 16:58:54.996227
526,AUR,Aurora Innovation,1,1,605,1,2023-07-23 16:58:54.996227
527,XM,Qualtrics,1,3,134,1,2023-07-23 16:58:54.996227
528,CIO,City Office REIT,1,1,606,1,2023-07-23 16:58:54.996227
529,NKLA,Nikola,1,7,96,3,2023-07-23 16:58:54.996227
530,SGE,Strong Global Entertainment,1,-1,608,1,2023-07-23 16:58:54.996227
531,CCJ,Cameco,1,0,610,1,2023-07-23 16:58:54.996227
532,WEAT,Teucrium Wheat Fund,1,1,612,1,2023-07-23 16:58:54.996227
533,CRWD,CrowdStrike,1,2,613,1,2023-07-23 16:58:54.996227
534,WISH,ContextLogic (wish.com),1,-2,615,1,2023-07-23 16:58:54.996227
535,FOR,Forestar Group,1,5,616,2,2023-07-23 16:58:54.996227
536,ST,Sensata Technologies,1,2,617,1,2023-07-23 16:58:54.996227
537,DE,Deere & Company,1,1,621,1,2023-07-23 16:58:54.996227
538,ARKK,ARK Investment Management LLC - ARK Innovation ETF,1,3,622,1,2023-07-23 16:58:54.996227
539,MRO,Marathon Oil,1,1,0,,2023-07-23 16:58:54.996227
540,GEHC,GE HealthCare Technologies,1,3,620,1,2023-07-23 16:58:54.996227
541,VWE,Vintage Wine Estates,1,3,624,1,2023-07-23 16:58:54.996227
542,EOG,EOG Resources,1,1,0,,2023-07-23 16:58:54.996227
543,VNQ,"Vanguard Group, Inc. - Vanguard Real Estate Index Fund ETF",1,4,628,,2023-07-23 16:58:54.996227
544,CO,Global Cord Blood,1,6,630,1,2023-07-23 16:58:54.996227
545,OPEN,Opendoor,1,5,631,1,2023-07-23 16:58:54.996227
546,CVS,CVS Health,1,4,97,1,2023-07-23 16:58:54.996227
547,CMA,Comerica,1,1,637,1,2023-07-23 16:58:54.996227
548,FI,Frank's International,1,1,640,1,2023-07-23 16:58:54.996227
549,SQ,Square,1,4,642,1,2023-07-23 16:58:54.996227
550,PMT,PennyMac Mortgage Investment Trust,1,1,643,1,2023-07-23 16:58:54.996227
551,ENPH,Enphase Energy,1,2,644,1,2023-07-23 16:58:54.996227
552,CAN,Canaan,1,1,645,2,2023-07-23 16:58:54.996227
553,ADT,ADT,1,1,647,1,2023-07-23 16:58:54.996227
554,WOOF,Petco,1,8,648,1,2023-07-23 16:58:54.996227
555,FREE,Whole Earth Brands,1,5,649,1,2023-07-23 16:58:54.996227
556,AMP,Ameriprise Financial,1,1,650,1,2023-07-23 16:58:54.996227
557,VO,"Vanguard Group, Inc. - Vanguard Mid-Cap ETF",1,5,0,,2023-07-23 16:58:54.996227
558,HUM,Humana,1,1,817,,2023-07-23 16:58:54.996227
559,BY,Byline Bancorp,1,1,652,1,2023-07-23 16:58:54.996227
560,LRCX,Lam Research,1,1,653,1,2023-07-23 16:58:54.996227
561,LTHM,Livent,1,5,654,1,2023-07-23 16:58:54.996227
562,HON,Honeywell,1,9,656,1,2023-07-23 16:58:54.996227
563,COF,Capital One,1,1,658,2,2023-07-23 16:58:54.996227
564,IONQ,IonQ,1,2,659,1,2023-07-23 16:58:54.996227
565,GRND,Grindr,1,3,660,1,2023-07-23 16:58:54.996227
566,ARC,ARC Document Solutions,1,4,661,1,2023-07-23 16:58:54.996227
567,USFR,WisdomTree Trust - WisdomTree Floating Rate Treasury Fund,1,2,662,1,2023-07-23 16:58:54.996227
568,ROK,Rockwell Automation,1,9,663,1,2023-07-23 16:58:54.996227
569,PGR,Progressive,1,1,664,1,2023-07-23 16:58:54.996227
570,MRVL,Marvell Technology Group,1,1,666,1,2023-07-23 16:58:54.996227
571,BTU,Peabody Energy,1,1,667,1,2023-07-23 16:58:54.996227
572,DERM,Journey Medical,1,1,0,,2023-07-23 16:58:54.996227
573,PUMP,ProPetro,1,0,671,1,2023-07-23 16:58:54.996227
574,CCC,Clarivate,1,2,672,1,2023-07-23 16:58:54.996227
575,SHE,SPDR Series Trust - SPDR SSGA Gender Diversity Index ETF,1,3,673,1,2023-07-23 16:58:54.996227
576,PLUS,ePlus,1,4,674,1,2023-07-23 16:58:54.996227
577,IPG,Interpublic Group,1,1,675,1,2023-07-23 16:58:54.996227
578,NSA,National Storage,1,1,676,1,2023-07-23 16:58:54.996227
579,LOW,Lowe's Companies,1,1,677,1,2023-07-23 16:58:54.996227
580,SHV,BlackRock Institutional Trust Company N.A. - BTC iShares Short Treasur,1,1,135,2,2023-07-23 16:58:54.996227
581,SCM,Stellus Capital,1,6,680,1,2023-07-23 16:58:54.996227
582,DSS,Document Security Systems,1,1,0,,2023-07-23 16:58:54.996227
583,CHWY,Chewy,1,14,681,1,2023-07-23 16:58:54.996227
584,FUBO,fuboTV,1,1,682,1,2023-07-23 16:58:54.996227
585,EFA,BlackRock Institutional Trust Company N.A. - BTC iShares MSCI EAFE ETF,1,1,680,1,2023-07-23 16:58:54.996227
586,ARGX,Argenx,1,1,683,1,2023-07-23 16:58:54.996227
587,FL,Foot Locker,1,6,684,1,2023-07-23 16:58:54.996227
588,INMD,InMode,1,5,687,1,2023-07-23 16:58:54.996227
589,FBIO,Fortress Biotech,1,1,0,,2023-07-23 16:58:54.996227
590,IEMG,BlackRock Institutional Trust Company N.A. - BTC iShares Core MSCI Eme,1,1,688,1,2023-07-23 16:58:54.996227
591,TTD,The Trade Desk,1,1,82,5,2023-07-23 16:58:54.996227
592,CUZ,Cousins Properties,1,1,0,,2023-07-23 16:58:54.996227
593,AIMC,Altra Industrial Motion,1,4,691,1,2023-07-23 16:58:54.996227
594,IBTE,iShares Trust - iShares iBonds Dec 2024 Term Treasury ETF,1,1,0,,2023-07-23 16:58:54.996227
595,DIA,SSgA Active Trust - SPDR Dow Jones Industrial Average ETF,1,2,693,1,2023-07-23 16:58:54.996227
596,KHC,Kraft Heinz,1,1,694,1,2023-07-23 16:58:54.996227
597,SOXX,BlackRock Institutional Trust Company N.A. - BTC iShares PHLX Semicond,1,1,695,1,2023-07-23 16:58:54.996227
598,GIC,Global Industrial Company,1,1,696,1,2023-07-23 16:58:54.996227
599,TG,Tredegar,1,1,698,,2023-07-23 16:58:54.996227
600,WANT,Direxion Shares ETF Trust - Direxion Daily Consumer Discretionary Bull,1,1,699,1,2023-07-23 16:58:54.996227
601,AVGO,Broadcom,1,-21,700,1,2023-07-23 16:58:54.996227
602,TLRY,Tilray,1,2,701,1,2023-07-23 16:58:54.996227
603,IBTF,iShares Trust - iShares iBonds Dec 2025 Term Treasury ETF,1,1,0,,2023-07-23 16:58:54.996227
604,CAVA,CAVA Group,1,1,702,1,2023-07-23 16:58:54.996227
605,TMF,Direxion Shares ETF Trust - Direxion Daily 20+ Year Treasury Bull 3X S,1,3,703,,2023-07-23 16:58:54.996227
606,SPCE,Virgin Galactic,1,10,704,1,2023-07-23 16:58:54.996227
607,API,Agora.io,1,1,705,1,2023-07-23 16:58:54.996227
608,WELL,Welltower,1,11,706,1,2023-07-23 16:58:54.996227
609,UFPI,Universal Forest Products,1,3,707,1,2023-07-23 16:58:54.996227
610,SUP,Superior Industries International,1,3,708,1,2023-07-23 16:58:54.996227
611,UBER,Uber,1,1,136,1,2023-07-23 16:58:54.996227
612,SATS,EchoStar,1,4,712,1,2023-07-23 16:58:54.996227
613,BBIO,BridgeBio Pharma,1,1,709,1,2023-07-23 16:58:54.996227
614,SOL,ReneSola,1,18,710,1,2023-07-23 16:58:54.996227
615,IBTD,iShares Trust - iShares iBonds Dec 2023 Term Treasury ETF,1,1,0,,2023-07-23 16:58:54.996227
616,TSP,TuSimple,1,-1,712,1,2023-07-23 16:58:54.996227
617,TH,Target Hospitality,1,-1,713,1,2023-07-23 16:58:54.996227
618,NU,Nu Holdings,1,1,714,1,2023-07-23 16:58:54.996227
619,APPS,Digital Turbine,1,3,716,1,2023-07-23 16:58:54.996227
620,IR,Ingersoll Rand,1,46,717,1,2023-07-23 16:58:54.996227
621,IWM,BlackRock Institutional Trust Company N.A. - BTC iShares Russell 2000,1,12,137,1,2023-07-23 16:58:54.996227
622,PET,Wag! Group,1,4,719,1,2023-07-23 16:58:54.996227
623,AUD,Audacy,1,0,721,,2023-07-23 16:58:54.996227
624,SA,Seabridge Gold,1,2,723,1,2023-07-23 16:58:54.996227
625,OLPX,Olaplex,1,3,724,,2023-07-23 16:58:54.996227
626,TOL,Toll Brothers,1,1,725,1,2023-07-23 16:58:54.996227
627,DPZ,Domino's Pizza,1,2,138,2,2023-07-23 16:58:54.996227
628,SSTK,Shutterstock,1,2,726,1,2023-07-23 16:58:54.996227
629,ASTS,AST SpaceMobile,1,10,727,1,2023-07-23 16:58:54.996227
630,MSTR,MicroStrategy,1,1,728,1,2023-07-23 16:58:54.996227
631,WBS,Webster Financial,1,1,730,1,2023-07-23 16:58:54.996227
632,USRT,BlackRock Institutional Trust Company N.A. - BTC iShares Core U.S. REI,1,1,732,1,2023-07-23 16:58:54.996227
633,CROX,Crocs,1,1,99,2,2023-07-23 16:58:54.996227
634,GSK,GlaxoSmithKline,1,1,733,1,2023-07-23 16:58:54.996227
635,AAP,Advance Auto Parts,1,1,735,1,2023-07-23 16:58:54.996227
636,HLX,Helix Energy Solutions,1,2,0,,2023-07-23 16:58:54.996227
637,WK,Workiva,1,4,736,1,2023-07-23 16:58:54.996227
638,JEPI,J.P. Morgan Exchange-Traded Fund Trust - JPMorgan Equity Premium Incom,1,1,43,8,2023-07-23 16:58:54.996227
639,CASH,Meta Financial Group,1,4,737,1,2023-07-23 16:58:54.996227
640,LNT,Alliant Energy,1,3,738,1,2023-07-23 16:58:54.996227
641,CVT,Cvent,1,1,739,1,2023-07-23 16:58:54.996227
642,MPW,Medical Properties Trust,1,0,738,1,2023-07-23 16:58:54.996227
643,CHDN,Churchill Downs,1,1,742,1,2023-07-23 16:58:54.996227
644,WTTR,Select Energy Services,1,3,0,,2023-07-23 16:58:54.996227
645,XP,XP Inc.,1,1,743,1,2023-07-23 16:58:54.996227
646,KOLD,ProShares Trust - ProShares UltraShort Bloomberg Natural Gas,1,1,744,,2023-07-23 16:58:54.996227
647,AZ,A2Z Smart Technologies,1,1,745,2,2023-07-23 16:58:54.996227
648,NVEI,Nuvei,1,5,746,1,2023-07-23 16:58:54.996227
649,DD,Dupont De Nemours,1,2,0,,2023-07-23 16:58:54.996227
650,EPD,Enterprise Products,1,1,747,1,2023-07-23 16:58:54.996227
651,IESC,IES Holdings,1,2,748,1,2023-07-23 16:58:54.996227
652,GOAT,VanEck Vectors ETF Trust - VanEck Vectors Morningstar Global Wide Moat,1,2,749,1,2023-07-23 16:58:54.996227
653,BTI,British American Tobacco,1,1,751,1,2023-07-23 16:58:54.996227
654,CAAS,China Automotive Systems,1,1,140,2,2023-07-23 16:58:54.996227
655,COIN,Coinbase,1,-1,754,1,2023-07-23 16:58:54.996227
656,DG,Dollar General,1,1,141,1,2023-07-23 16:58:54.996227
657,CRSP,CRISPR Therapeutics,1,5,755,1,2023-07-23 16:58:54.996227
658,HIFS,Hingham Institution for Savings,1,2,756,1,2023-07-23 16:58:54.996227
659,PLUG,Plug Power,1,3,757,1,2023-07-23 16:58:54.996227
660,BKR,Baker Hughes,1,2,0,,2023-07-23 16:58:54.996227
661,MEDP,Medpace,1,1,758,1,2023-07-23 16:58:54.996227
662,LL,Lumber Liquidators,1,3,760,1,2023-07-23 16:58:54.996227
663,SAVA,Cassava Sciences,1,1,761,1,2023-07-23 16:58:54.996227
664,MKC,McCormick & Company,1,4,762,1,2023-07-23 16:58:54.996227
665,DGRO,BlackRock Institutional Trust Company N.A. - BTC iShares Core Dividend,1,3,0,,2023-07-23 16:58:54.996227
666,BOH,Bank of Hawaii,1,1,763,1,2023-07-23 16:58:54.996227
667,SPGP,Invesco Capital Management LLC - Invesco S&P 500 GARP ETF,1,4,0,,2023-07-23 16:58:54.996227
668,HOG,Harley-Davidson,1,3,765,1,2023-07-23 16:58:54.996227
669,RM,Regional Management,1,1,0,,2023-07-23 16:58:54.996227
670,F,Ford,1,2,766,1,2023-07-23 16:58:54.996227
671,WULF,TeraWulf,1,11,767,1,2023-07-23 16:58:54.996227
672,MOND,Mondee,1,87,768,1,2023-07-23 16:58:54.996227
673,UPST,Upstart,1,0,101,2,2023-07-23 16:58:54.996227
674,TWO,Two Harbors Investment,1,1,769,,2023-07-23 16:58:54.996227
675,SJIM,The Inverse Cramer ETF,1,70,770,1,2023-07-23 16:58:54.996227
676,ALLY,Ally,1,0,771,1,2023-07-23 16:58:54.996227
677,SHOP,Shopify,1,2,772,2,2023-07-23 16:58:54.996227
678,IFS,Intercorp Financial Services,1,185,773,1,2023-07-23 16:58:54.996227
679,VOOV,"Vanguard Group, Inc. - Vanguard S&P 500 Value ETF",1,3,0,,2023-07-23 16:58:54.996227
680,LVS,Las Vegas Sands,1,2,774,1,2023-07-23 16:58:54.996227
681,BCSF,Bain Capital,1,1,775,1,2023-07-23 16:58:54.996227
682,PWC,Invesco Capital Management LLC - Invesco Dynamic Market ETF,1,1,776,1,2023-07-23 16:58:54.996227
683,IVOO,"Vanguard Group, Inc. - Vanguard S&P Mid-Cap 400 ETF",1,4,0,,2023-07-23 16:58:54.996227
684,TWI,Titan International,1,3,777,1,2023-07-23 16:58:54.996227
685,UWMC,UWM Holdings,1,3,778,1,2023-07-23 16:58:54.996227
686,RXRX,Recursion Pharmaceuticals,1,2,779,1,2023-07-23 16:58:54.996227
687,PT,Pintec Technology,1,4,782,1,2023-07-23 16:58:54.996227
688,ACH,Aluminum Corporation of China,1,0,783,1,2023-07-23 16:58:54.996227
689,CMBS,BlackRock Institutional Trust Company N.A. - BTC iShares CMBS ETF,1,3,102,3,2023-07-23 16:58:54.996227
690,GPS,Gap Inc.,1,23,784,1,2023-07-23 16:58:54.996227
691,DRW,WisdomTree Trust - WisdomTree Global ex-US Real Estate Fund,1,3,0,,2023-07-23 16:58:54.996227
692,DOCU,DocuSign,1,0,785,1,2023-07-23 16:58:54.996227
693,CET,Central Securities,1,53,786,1,2023-07-23 16:58:54.996227
694,IYW,BlackRock Institutional Trust Company N.A. - BTC iShares U.S. Technolo,1,1,0,,2023-07-23 16:58:54.996227
695,MLM,Martin Marietta,1,2,787,1,2023-07-23 16:58:54.996227
696,AZN,AstraZeneca,1,2,142,1,2023-07-23 16:58:54.996227
697,CSWI,CSW Industrials,1,8,0,,2023-07-23 16:58:54.996227
698,HKD,AMTD Digital,1,2,0,,2023-07-23 16:58:54.996227
699,WYNN,Wynn Resorts,1,1,789,1,2023-07-23 16:58:54.996227
700,MMS,Maximus,1,2,790,1,2023-07-23 16:58:54.996227
701,PYR,PyroGenesis Canada,1,-1,792,1,2023-07-23 16:58:54.996227
702,GP,GreenPower Motor Company,1,1,794,1,2023-07-23 16:58:54.996227
703,INSW,International Seaways,1,1,0,,2023-07-23 16:58:54.996227
704,ASA,ASA Gold and Precious Metals,1,1,795,1,2023-07-23 16:58:54.996227
705,MASI,Masimo,1,1,103,1,2023-07-23 16:58:54.996227
706,ORCL,Oracle,1,1,796,1,2023-07-23 16:58:54.996227
707,APD,Air Products and Chemicals,1,1,797,1,2023-07-23 16:58:54.996227
708,PIXY,ShiftPixy,1,1,0,,2023-07-23 16:58:54.996227
709,ALK,Alaska Airlines,1,1,801,1,2023-07-23 16:58:54.996227
710,PSTG,Pure Storage,1,2,802,1,2023-07-23 16:58:54.996227
711,CHD,Church & Dwight,1,1,0,,2023-07-23 16:58:54.996227
712,UST,ProShares Trust - ProShares Ultra 7-10 Year Treasury,1,7,143,1,2023-07-23 16:58:54.996227
713,STM,STMicroelectronics,1,1,805,1,2023-07-23 16:58:54.996227
714,BOSS,Global X Funds - Global X Founder-Run Companies ETF,1,1,806,1,2023-07-23 16:58:54.996227
715,HA,Hawaiian Airlines,1,3,807,1,2023-07-23 16:58:54.996227
716,PARA,Paramount Global,1,1,809,2,2023-07-23 16:58:54.996227
717,VBR,"Vanguard Group, Inc. - Vanguard Small Cap Value ETF",1,1,811,1,2023-07-23 16:58:54.996227
718,ITT,ITT,1,1,812,1,2023-07-23 16:58:54.996227
719,CMAX,CareMax,1,4,813,1,2023-07-23 16:58:54.996227
720,GOLD,Barrick Gold,1,1,814,1,2023-07-23 16:58:54.996227
721,PLAB,Photronics,1,2,815,1,2023-07-23 16:58:54.996227
722,ING,ING,1,6,816,1,2023-07-23 16:58:54.996227
723,CASY,Casey's General Stores,1,0,817,1,2023-07-23 16:58:54.996227
724,GO,Grocery Outlet,1,1,104,1,2023-07-23 16:58:54.996227
725,CMG,Chipotle Mexican Grill,1,3,105,1,2023-07-23 16:58:54.996227
726,BDC,Belden,1,1,820,1,2023-07-23 16:58:54.996227
727,PSN,Parsons,1,4,821,1,2023-07-23 16:58:54.996227
728,SAVE,Spirit Airlines,1,0,822,1,2023-07-23 16:58:54.996227
729,JPM,JPMorgan Chase,1,5,50,5,2023-07-23 16:58:54.996227
730,TGT,Target,1,4,823,1,2023-07-23 16:58:54.996227
731,ALPS,Alpine Summit Energy Partners,1,2,824,1,2023-07-23 16:58:54.996227
732,SCHL,Scholastic,1,2,826,1,2023-07-23 16:58:54.996227
733,GTE,Gran Tierra Energy,1,42,827,1,2023-07-23 16:58:54.996227
734,CHE,Chemed,1,2,828,1,2023-07-23 16:58:54.996227
735,QMCO,Quantum,1,1,0,,2023-07-23 16:58:54.996227
736,MGM,MGM Resorts,1,2,829,1,2023-07-23 16:58:54.996227
737,KOF,Coca-Cola FEMSA,1,6,830,1,2023-07-23 16:58:54.996227
738,RSG,Republic Services,1,1,831,1,2023-07-23 16:58:54.996227
739,MRIN,Marin Software,1,1,832,1,2023-07-23 16:58:54.996227
740,ROCK,Gibraltar Industries,1,0,486,,2023-07-23 16:58:54.996227
741,BKNG,Booking.com,1,4,833,1,2023-07-23 16:58:54.996227
742,GET,Getnet,1,23,834,1,2023-07-23 16:58:54.996227
743,UA,Under Armour,1,1,0,,2023-07-23 16:58:54.996227
744,EL,Estee Lauder,1,1,836,1,2023-07-23 16:58:54.996227
745,TS,Tenaris,1,4,837,1,2023-07-23 16:58:54.996227
746,JOE,St. Joe Company,1,1,838,1,2023-07-23 16:58:54.996227
747,MD,Mednax,1,1,839,1,2023-07-23 16:58:54.996227
748,MMM,3M,1,1,840,1,2023-07-23 16:58:54.996227
749,CLH,Clean Harbors,1,2,842,1,2023-07-23 16:58:54.996227
750,BYD,Boyd Gaming,1,2,843,1,2023-07-23 16:58:54.996227
751,SCHW,Charles Schwab,1,0,854,,2023-07-23 16:58:54.996227
752,ATS,ATS Automation,1,2,844,1,2023-07-23 16:58:54.996227
753,PAYC,Paycom,1,3,845,1,2023-07-23 16:58:54.996227
754,CL,Colgate-Palmolive,1,2,848,1,2023-07-23 16:58:54.996227
755,KEY,KeyCorp,1,3,68,5,2023-07-23 16:58:54.996227
756,SLV,BlackRock Institutional Trust Company N.A. - BTC iShares Silver Trust,1,1,849,1,2023-07-23 16:58:54.996227
757,MS,Morgan Stanley,1,26,83,4,2023-07-23 16:58:54.996227
758,TLT,BlackRock Institutional Trust Company N.A. - BTC iShares 20+ Year Trea,1,1,107,3,2023-07-23 16:58:54.996227
759,STZ,Constellation Brands,1,1,850,1,2023-07-23 16:58:54.996227
760,PTE,PolarityTE,1,1,851,1,2023-07-23 16:58:54.996227
761,DTC,Solo Brands,1,1,864,1,2023-07-23 16:58:54.996227
762,AKU,Akumin,1,2,854,1,2023-07-23 16:58:54.996227
763,PAAS,Pan American Silver,1,6,855,1,2023-07-23 16:58:54.996227
764,BCE,BCE,1,2,859,1,2023-07-23 16:58:54.996227
765,OUST,Ouster,1,1,860,1,2023-07-23 16:58:54.996227
766,LPRO,Open Lending,1,1,861,1,2023-07-23 16:58:54.996227
767,VZIO,VIZIO,1,1,862,1,2023-07-23 16:58:54.996227
768,XT,BlackRock Institutional Trust Company N.A. - BTC iShares Exponential T,1,1,875,,2023-07-23 16:58:54.996227
769,KMX,CarMax,1,2,863,1,2023-07-23 16:58:54.996227
770,PRM,Perimeter Solutions,1,41,0,,2023-07-23 16:58:54.996227
771,LC,LendingClub,1,2,865,1,2023-07-23 16:58:54.996227
772,CPRT,Copart,1,3,866,1,2023-07-23 16:58:54.996227
773,RYLD,Global X Funds - Global X Russell 2000 Covered Call ETF,1,1,867,1,2023-07-23 16:58:54.996227
774,JBL,Jabil,1,1,869,1,2023-07-23 16:58:54.996227
775,JUST,Goldman Sachs ETF Trust - Goldman Sachs Just Us Large Cap Equity ETF,1,-1,84,5,2023-07-23 16:58:54.996227
776,DAO,Youdao,1,1,870,,2023-07-23 16:58:54.996227
777,IHI,BlackRock Institutional Trust Company N.A. - BTC iShares U.S. Medical,1,1,883,1,2023-07-23 16:58:54.996227
778,TPB,Turning Point Brands,1,6,872,1,2023-07-23 16:58:54.996227
779,BNS,Scotiabank,1,2,873,1,2023-07-23 16:58:54.996227
780,QUBT,Quantum Computing,1,3,874,1,2023-07-23 16:58:54.996227
781,ORGN,Origin Materials,1,1,875,1,2023-07-23 16:58:54.996227
782,LVMUY,LVMH,1,1,890,,2023-07-23 16:58:54.996227
783,GWW,W. W. Grainger,1,1,876,1,2023-07-23 16:58:54.996227
784,CUT,Invesco Capital Management LLC - Invesco MSCI Global Timber ETF,1,1,877,1,2023-07-23 16:58:54.996227
785,ALB,Albemarle,1,1,878,1,2023-07-23 16:58:54.996227
786,HY,Hyster-Yale Materials Handling,1,1,892,1,2023-07-23 16:58:54.996227
787,COST,Costco,1,1,69,1,2023-07-23 16:58:54.996227
788,HAIL,SPDR Series Trust - SPDR S&P Kensho Smart Mobility ETF,1,37,0,,2023-07-23 16:58:54.996227
789,PAY,Paymentus,1,1,881,1,2023-07-23 16:58:54.996227
790,ARQQ,Arqit Quantum,1,3,882,1,2023-07-23 16:58:54.996227
791,TDY,Teledyne,1,2,885,1,2023-07-23 16:58:54.996227
792,XXII,22nd Century Group,1,1,85,1,2023-07-23 16:58:54.996227
793,MOO,VanEck Vectors ETF Trust - VanEck Vectors Agribusiness ETF,1,1,886,1,2023-07-23 16:58:54.996227
794,OLD,Janus Capital Management LLC - Janus Long-Term Care ETF,1,4,144,3,2023-07-23 16:58:54.996227
795,SLS,Sellas Life Sciences,1,1,0,,2023-07-23 16:58:54.996227
796,SM,SM Energy,1,2,887,1,2023-07-23 16:58:54.996227
797,TXRH,Texas Roadhouse,1,2,890,1,2023-07-23 16:58:54.996227
798,IDXX,IDEXX Laboratories,1,0,891,1,2023-07-23 16:58:54.996227
799,SCHX,Schwab Strategic Trust - CSIM Schwab U.S. Large-Cap ETF,1,4,892,1,2023-07-23 16:58:54.996227
800,DRS,Leonardo DRS,1,2,145,2,2023-07-23 16:58:54.996227
801,UGA,United States Commodity Funds LLC - United States Gasoline Fund LP,1,1,896,1,2023-07-23 16:58:54.996227
802,FICO,FICO,1,11,897,1,2023-07-23 16:58:54.996227
803,LYV,Live Nation,1,-9,898,1,2023-07-23 16:58:54.996227
804,FTC,First Trust Exchange-Traded Fund III - First Trust Large Capital Growt,1,1,899,1,2023-07-23 16:58:54.996227
805,CORZ,Core Scientific,1,4,904,1,2023-07-23 16:58:54.996227
806,RDFN,Redfin,1,1,905,1,2023-07-23 16:58:54.996227
807,PENN,Penn National Gaming,1,1,906,1,2023-07-23 16:58:54.996227
808,SBNY,Signature Bank,1,27,907,1,2023-07-23 16:58:54.996227
809,RXT,Rackspace Technology,1,2,908,1,2023-07-23 16:58:54.996227
810,MODG,Topgolf Callaway Brands,1,1,910,1,2023-07-23 16:58:54.996227
811,MAGA,ETF Series Solutions Trust - Point Bridge GOP Stock Tracker ETF,1,0,146,2,2023-07-23 16:58:54.996227
812,BBC,ETFis Series Trust I - Virtus LifeSci Biotech Clinical Trials ETF,1,1,913,,2023-07-23 16:58:54.996227
813,OLED,Universal Display Corporation,1,2,914,,2023-07-23 16:58:54.996227
814,DDOG,Datadog,1,-1,915,5,2023-07-23 16:58:54.996227
815,RS,Reliance Steel &amp; Aluminum,1,20,916,1,2023-07-23 16:58:54.996227
816,AC,Associated Capital Group,1,10,70,3,2023-07-23 16:58:54.996227
817,AMX,America Movil,1,3,917,1,2023-07-23 16:58:54.996227
818,LOAN,Manhattan Bridge Capital,1,3,918,1,2023-07-23 16:58:54.996227
819,PEG,PSEG,1,2,919,1,2023-07-23 16:58:54.996227
820,NA,Nano Labs,1,4,921,1,2023-07-23 16:58:54.996227
821,SPOT,Spotify,1,2,923,1,2023-07-23 16:58:54.996227
822,LAC,Lithium Americas,1,1,147,1,2023-07-23 16:58:54.996227
823,SR,Spire Energy,1,1,924,1,2023-07-23 16:58:54.996227
824,BABY,PishPosh,1,1,925,1,2023-07-23 16:58:54.996227
825,TFC,Truist Financial,1,1,926,1,2023-07-23 16:58:54.996227
826,UNH,UnitedHealth,1,2,71,2,2023-07-23 16:58:54.996227
827,SMMT,Summit Therapeutics,1,2,182,,2023-07-23 16:58:54.996227
828,PH,Parker-Hannifin,1,1,0,,2023-07-23 16:58:54.996227
829,APLD,Applied Blockchain,1,1,929,1,2023-07-23 16:58:54.996227
830,DAX,Global X Funds - Global X DAX Germany ETF,1,1,930,,2023-07-23 16:58:54.996227
831,OZK,Bank OZK,1,4,148,2,2023-07-23 16:58:54.996227
832,C,Citigroup,1,4,931,1,2023-07-23 16:58:54.996227
833,TIL,Instil Bio,1,5,932,1,2023-07-23 16:58:54.996227
834,ACRX,AcelRx Pharmaceuticals,1,1,515,,2023-07-23 16:58:54.996227
835,FFR,First Trust Exchange-Traded Fund II - First Trust FTSE EPRA/NAREIT Dev,1,1,935,1,2023-07-23 16:58:54.996227
836,DT,Dynatrace,1,2,937,1,2023-07-23 16:58:54.996227
837,CCS,Century Communities,1,2,553,,2023-07-23 16:58:54.996227
838,AR,Antero Resources,1,36,149,2,2023-07-23 16:58:54.996227
839,MOAT,VanEck Vectors ETF Trust - VanEck Vectors Morningstar Wide Moat ETF,1,44,938,1,2023-07-23 16:58:54.996227
840,FLOT,BlackRock Institutional Trust Company N.A. - BTC iShares Floating Rate,1,1,939,1,2023-07-23 16:58:54.996227
841,MF,Missfresh,1,1,86,1,2023-07-23 16:58:54.996227
842,KNTE,Kinnate Biopharma,1,1,0,,2023-07-23 16:58:54.996227
843,BIG,Big Lots,1,-4,108,3,2023-07-23 16:58:54.996227
844,BOUT,Innovator ETFs Trust - Innovator IBD(R) Breakout Opportunities ETF,1,23,944,1,2023-07-23 16:58:54.996227
845,BOOM,Dynamic Materials Corporation,1,3,946,1,2023-07-23 16:58:54.996227
846,BIOX,Bioceres Crop Solutions,1,2,947,1,2023-07-23 16:58:54.996227
847,SHY,BlackRock Institutional Trust Company N.A. - BTC iShares 1-3 Year Trea,1,1,949,1,2023-07-23 16:58:54.996227
848,OUT,Outfront Media,1,2,150,2,2023-07-23 16:58:54.996227
849,BIOR,Biora Therapeutics,1,1,0,,2023-07-23 16:58:54.996227
850,OR,Osisko Gold Royalties,1,7,953,1,2023-07-23 16:58:54.996227
851,KO,Coca-Cola,1,1,955,1,2023-07-23 16:58:54.996227
852,EET,ProShares Trust - ProShares Ultra MSCI Emerging Markets,1,6,957,1,2023-07-23 16:58:54.996227
853,FAST,Fastenal,1,4,110,2,2023-07-23 16:58:54.996227
854,WMT,Walmart,1,5,521,,2023-07-23 16:58:54.996227
855,WWE,World Wrestling Entertainment,1,1,958,1,2023-07-23 16:58:54.996227
856,PROC,Procaps Group,1,2,959,1,2023-07-23 16:58:54.996227
857,FOX,Fox Corporation,1,11,978,1,2023-07-23 16:58:54.996227
858,IEF,BlackRock Institutional Trust Company N.A. - BTC iShares 7-10 Year Tre,1,1,960,1,2023-07-23 16:58:54.996227
859,TROW,T. Rowe Price,1,3,964,1,2023-07-23 16:58:54.996227
860,BAC,Bank of America,1,0,53,2,2023-07-23 16:58:54.996227
861,FCF,First Commonwealth Financial Corp,1,16,966,1,2023-07-23 16:58:54.996227
862,CLSK,CleanSpark,1,1,558,,2023-07-23 16:58:54.996227
863,SNAX,Stryve Foods,1,8,970,1,2023-07-23 16:58:54.996227
864,DNA,Ginkgo Bioworks,1,3,151,3,2023-07-23 16:58:54.996227
865,IG,Principal Exchange-Traded Funds - Principal Investment Grade Corporate,1,16,974,1,2023-07-23 16:58:54.996227
866,AWAY,ETF Managers Trust - ETFMG Travel Tech ETF,1,2,0,,2023-07-23 16:58:54.996227
867,IEP,Icahn Enterprises,1,1,977,1,2023-07-23 16:58:54.996227
868,SPDN,Direxion Shares ETF Trust - Direxion Daily S&P 500 Bear 1X Shares,1,-2,0,,2023-07-23 16:58:54.996227
869,TIPZ,Pimco Exchange Traded Fund - PIMCO Broad U.S. TIPS Index Exchange-Trad,1,1,978,1,2023-07-23 16:58:54.996227
870,PB,Prosperity Bancshares,1,3,111,3,2023-07-23 16:58:54.996227
871,EWZ,BlackRock Institutional Trust Company N.A. - iShares MSCI Brazil ETF,1,1,980,1,2023-07-23 16:58:54.996227
872,MINT,Pimco Exchange Traded Fund - PIMCO Enhanced Short Maturity Active Exch,1,1,112,3,2023-07-23 16:58:54.996227
873,TELL,Tellurian,1,1,686,,2023-07-23 16:58:54.996227
874,USB,U.S. Bancorp,1,3,113,3,2023-07-23 16:58:54.996227
875,SJNK,SPDR Series Trust - SPDR Bloomberg Barclays Short Term High Yield Bond,1,1,984,1,2023-07-23 16:58:54.996227
876,WAL,Western Alliance Bancorporation,1,5,72,5,2023-07-23 16:58:54.996227
877,LILM,Lilium,1,-4,985,1,2023-07-23 16:58:54.996227
878,PRO,PROS,1,39,986,2,2023-07-23 16:58:54.996227
